Num,Address,House,Date,Year,Month,Payer,Title,Amount,Method,Type,Transact,Note
1,Property 1,1,8/28/2015,2015,8,Tenant 1,Tenant,"$1,950.00 ",Cash,Monthly Rent Charged,Neither,
2,Property 1,1,8/28/2015,2015,8,Tenant 1,Tenant,"$1,950.00 ",Cash,Monthly Rent Paid,Revenue,
3,Property 1,1,8/28/2015,2015,8,Tenant 1,Tenant,"$1,950.00 ",Cash,Deposit Charged,Neither,"For the deposit, Darcy paid $1650 cash + $300 for Living Room Curtains and Back Door Knob"
4,Property 1,1,8/28/2015,2015,8,Tenant 1,Tenant,"$1,950.00 ",Cash,Deposit Paid,Revenue,"For the deposit, Darcy paid $1650 cash + $300 for Living Room Curtains and Back Door Knob"
5,Property 1,1,8/28/2015,2015,8,Landlord,Owner,$730.00 ,Bank Draft,Property Tax,Expense,Property Tax for Aug 28 to Dec 31 2015
6,Property 1,1,8/28/2015,2015,8,Landlord,Owner,$199.00 ,Bank Draft,Lawyer Fee,Expense,Weeks Law contingency fee
7,Property 1,1,9/1/2015,2015,8,Landlord,Owner,"$1,510.00 ",Bank,Mortgage,Expense,
8,Property 1,1,9/1/2015,2015,9,Landlord,Owner,$137.00 ,Bank,Insurance,Expense,
9,Property 1,1,9/1/2015,2015,9,Landlord,Owner,$300.00 ,Cash,Expense,Expense,"Back Door Knob, Living Room Curtains, Hot Water Tank Accessory"
10,Property 1,1,9/1/2015,2015,9,Landlord,Owner,$31.00 ,Visa,Expense,Expense,Cost for Rent Faster Ad
11,Property 1,1,10/1/2015,2015,9,Tenant 1,Tenant,"$1,950.00 ",Cash,Monthly Rent Charged,Neither,
12,Property 1,1,10/1/2015,2015,10,Tenant 1,Tenant,"$1,950.00 ",Cash,Monthly Rent Paid,Revenue,
13,Property 1,1,10/1/2015,2015,10,Landlord,Owner,"$1,510.00 ",Bank,Mortgage,Expense,
14,Property 1,1,10/1/2015,2015,10,Landlord,Owner,$68.00 ,Bank,Insurance,Expense,
15,Property 1,1,10/13/2015,2015,10,Landlord,Owner,$200.00 ,Bank,Lawyer Fee,Revenue,Weeks Law contingency returned
16,Property 1,1,10/30/2015,2015,10,Tenant 1,Tenant,"$1,950.00 ",E-Transfer,Monthly Rent Charged,Neither,
17,Property 1,1,10/30/2015,2015,10,Tenant 1,Tenant,"$1,950.00 ",E-Transfer,Monthly Rent Paid,Revenue,
18,Property 1,1,11/1/2015,2015,10,Landlord,Owner,"$1,510.00 ",Bank,Mortgage,Expense,
19,Property 1,1,11/1/2015,2015,11,Landlord,Owner,$68.00 ,Bank,Insurance,Expense,
20,Property 1,1,11/30/2015,2015,11,Tenant 1,Tenant,"$1,950.00 ",E-Transfer,Monthly Rent Charged,Neither,
21,Property 1,1,11/30/2015,2015,11,Tenant 1,Tenant,"$1,950.00 ",E-Transfer,Monthly Rent Paid,Revenue,
22,Property 1,1,12/1/2015,2015,11,Landlord,Owner,"$1,510.00 ",Bank,Mortgage,Expense,
23,Property 1,1,12/1/2015,2015,12,Landlord,Owner,$68.00 ,Bank,Insurance,Expense,
24,Property 1,1,1/1/2016,2015,12,Tenant 1,Tenant,"$1,950.00 ",E-Transfer,Monthly Rent Charged,Neither,
25,Property 1,1,1/1/2016,2016,1,Tenant 1,Tenant,"$1,950.00 ",E-Transfer,Monthly Rent Paid,Revenue,
26,Property 1,1,1/1/2016,2016,1,Landlord,Owner,"$1,510.00 ",Bank,Mortgage,Expense,
27,Property 1,1,1/1/2016,2016,1,Landlord,Owner,$68.00 ,Bank,Insurance,Expense,
28,Property 1,1,1/26/2016,2016,1,Tenant 1,Tenant,"$1,950.00 ",E-Transfer,Monthly Rent Charged,Neither,
29,Property 1,1,1/26/2016,2016,1,Tenant 1,Tenant,"$1,950.00 ",E-Transfer,Monthly Rent Paid,Revenue,
30,Property 1,1,2/1/2016,2016,1,Landlord,Owner,"$1,510.00 ",Bank,Mortgage,Expense,
31,Property 1,1,2/1/2016,2016,2,Landlord,Owner,$68.00 ,Bank,Insurance,Expense,
32,Property 1,1,2/19/2016,2016,2,Tenant 1,Tenant,"$1,950.00 ",E-Transfer,Monthly Rent Charged,Neither,
33,Property 1,1,2/19/2016,2016,2,Tenant 1,Tenant,"$1,950.00 ",E-Transfer,Monthly Rent Paid,Revenue,
34,Property 1,1,3/1/2016,2016,2,Landlord,Owner,"$1,510.00 ",Bank,Mortgage,Expense,
35,Property 1,1,3/1/2016,2016,3,Landlord,Owner,$68.00 ,Bank,Insurance,Expense,
36,Property 1,1,3/16/2016,2016,3,Tenant 1,Tenant,"$1,950.00 ",E-Transfer,Monthly Rent Charged,Neither,
37,Property 1,1,3/16/2016,2016,3,Tenant 1,Tenant,"$1,950.00 ",E-Transfer,Monthly Rent Paid,Revenue,
38,Property 1,1,4/1/2016,2016,3,Landlord,Owner,"$1,510.00 ",Bank,Mortgage,Expense,
39,Property 1,1,4/1/2016,2016,4,Landlord,Owner,$68.00 ,Bank,Insurance,Expense,
40,Property 1,1,4/15/2016,2016,4,Tenant 1,Tenant,"$1,950.00 ",E-Transfer,Monthly Rent Charged,Neither,
41,Property 1,1,4/15/2016,2016,4,Tenant 1,Tenant,"$1,950.00 ",E-Transfer,Monthly Rent Paid,Revenue,
42,Property 1,1,5/1/2016,2016,4,Landlord,Owner,"$1,510.00 ",Bank,Mortgage,Expense,
43,Property 1,1,5/1/2016,2016,5,Landlord,Owner,$68.00 ,Bank,Insurance,Expense,
44,Property 1,1,5/30/2016,2016,5,Tenant 1,Tenant,"$1,950.00 ",Cash,Monthly Rent Charged,Neither,
45,Property 1,1,5/30/2016,2016,5,Tenant 1,Tenant,"$1,950.00 ",Cash,Monthly Rent Paid,Revenue,
46,Property 1,1,6/1/2016,2016,5,Landlord,Owner,"$1,510.00 ",Bank,Mortgage,Expense,
47,Property 1,1,6/1/2016,2016,6,Landlord,Owner,$68.00 ,Bank,Insurance,Expense,
48,Property 1,1,6/29/2016,2016,6,Tenant 1,Tenant,"$1,950.00 ",E-Transfer,Monthly Rent Charged,Neither,
49,Property 1,1,6/29/2016,2016,6,Tenant 1,Tenant,"$1,950.00 ",E-Transfer,Monthly Rent Paid,Revenue,
50,Property 1,1,6/30/2016,2016,6,Landlord,Owner,"$2,139.00 ",Bank,Property Tax,Expense,
51,Property 1,1,7/1/2016,2016,6,Landlord,Owner,"$1,510.00 ",Bank,Mortgage,Expense,
52,Property 1,1,7/1/2016,2016,7,Landlord,Owner,$68.00 ,Bank,Insurance,Expense,
53,Property 1,1,7/30/2016,2016,7,Tenant 1,Tenant,"$1,950.00 ",E-Transfer,Monthly Rent Charged,Neither,
54,Property 1,1,7/30/2016,2016,7,Tenant 1,Tenant,"$1,950.00 ",E-Transfer,Monthly Rent Paid,Revenue,
55,Property 1,1,8/1/2016,2016,7,Landlord,Owner,"$1,510.00 ",Bank,Mortgage,Expense,
56,Property 1,1,8/1/2016,2016,8,Landlord,Owner,$0.00 ,Bank,Insurance,Expense,
57,Property 1,1,8/1/2016,2016,8,Landlord,Owner,$250.00 ,Cash,Expense,Expense,Washer and Dryer Cost
58,Property 1,1,8/31/2016,2016,8,Tenant 1,Owner,$975.00 ,Cash,Deposit Returned,Expense,
59,Property 1,1,9/1/2016,2016,8,Landlord,Owner,"$1,510.00 ",Bank,Mortgage,Expense,
60,Property 1,1,9/1/2016,2016,9,Landlord,Owner,$71.00 ,Bank,Insurance,Expense,
61,Property 1,1,9/1/2016,2016,9,Landlord,Owner,$31.00 ,Visa,Expense,Expense,Cost for Rent Faster Ad
62,Property 1,1,9/12/2016,2016,9,Tenant 2,Tenant,"$1,800.00 ",Cash,Monthly Rent Charged,Neither,
63,Property 1,1,9/12/2016,2016,9,Tenant 2,Tenant,"$1,800.00 ",Cash,Monthly Rent Paid,Revenue,
64,Property 1,1,9/12/2016,2016,9,Tenant 1,Owner,$975.00 ,E-Transfer,Deposit Returned,Expense,
65,Property 1,1,9/22/2016,2016,9,Tenant 2,Tenant,$900.00 ,E-Transfer,Deposit Charged,Neither,
66,Property 1,1,9/22/2016,2016,9,Tenant 2,Tenant,$900.00 ,E-Transfer,Deposit Paid,Revenue,
67,Property 1,1,10/1/2016,2016,9,Landlord,Owner,"$1,510.00 ",Bank,Mortgage,Expense,
68,Property 1,1,10/1/2016,2016,10,Landlord,Owner,$71.00 ,Bank,Insurance,Expense,
69,Property 1,1,10/7/2016,2016,10,Tenant 2,Tenant,"$1,800.00 ",Cash,Monthly Rent Charged,Neither,
70,Property 1,1,10/7/2016,2016,10,Tenant 2,Tenant,"$1,800.00 ",Cash,Monthly Rent Paid,Revenue,
71,Property 1,1,11/1/2016,2016,10,Landlord,Owner,"$1,510.00 ",Bank,Mortgage,Expense,
72,Property 1,1,11/1/2016,2016,11,Landlord,Owner,$71.00 ,Bank,Insurance,Expense,
73,Property 1,1,11/2/2016,2016,11,Tenant 2,Tenant,"$1,800.00 ",,Monthly Rent Charged,Neither,
74,Property 1,1,11/2/2016,2016,11,Tenant 2,Tenant,"$1,800.00 ",,Monthly Rent Paid,Revenue,
75,Property 1,1,12/1/2016,2016,11,Landlord,Owner,"$1,510.00 ",Bank,Mortgage,Expense,
76,Property 1,1,12/1/2016,2016,12,Landlord,Owner,$71.00 ,Bank,Insurance,Expense,
77,Property 1,1,12/1/2016,2016,12,Landlord,Owner,$100.00 ,Cash,Expense,Expense,Furnace modification
78,Property 1,1,12/5/2016,2016,12,Tenant 2,Tenant,"$1,800.00 ",,Monthly Rent Charged,Neither,
79,Property 1,1,12/5/2016,2016,12,Tenant 2,Tenant,"$1,800.00 ",,Monthly Rent Paid,Revenue,
80,Property 1,1,1/1/2017,2016,12,Landlord,Owner,"$1,510.00 ",Bank,Mortgage,Expense,
81,Property 1,1,1/1/2017,2017,1,Landlord,Owner,$71.00 ,Bank,Insurance,Expense,
82,Property 1,1,1/27/2017,2017,1,Tenant 2,Tenant,"$1,800.00 ",,Monthly Rent Charged,Neither,
83,Property 1,1,1/27/2017,2017,1,Tenant 2,Tenant,"$1,500.00 ",,Monthly Rent Paid,Revenue,
84,Property 1,1,2/1/2017,2017,1,Landlord,Owner,"$1,510.00 ",Bank,Mortgage,Expense,
85,Property 1,1,2/1/2017,2017,2,Landlord,Owner,$71.00 ,Bank,Insurance,Expense,
86,Property 1,1,2/1/2017,2017,2,Landlord,Owner,$26.00 ,Visa,Expense,Expense,Cost for Rent Faster Ad
87,Property 1,1,2/5/2017,2017,2,Tenant 2,Tenant,"$1,800.00 ",,Monthly Rent Charged,Neither,This was never paid
88,Property 1,1,3/1/2017,2017,2,Tenant 3,Tenant,$600.00 ,E-Transfer,Monthly Rent Charged,Neither,
89,Property 1,1,3/1/2017,2017,3,Tenant 3,Tenant,$600.00 ,E-Transfer,Monthly Rent Paid,Revenue,
90,Property 1,1,3/1/2017,2017,3,Tenant 3,Tenant,$600.00 ,E-Transfer,Deposit Charged,Neither,
91,Property 1,1,3/1/2017,2017,3,Tenant 3,Tenant,$600.00 ,E-Transfer,Deposit Paid,Revenue,
92,Property 1,1,3/1/2017,2017,3,Landlord,Owner,"$1,510.00 ",Bank,Mortgage,Expense,
93,Property 1,1,3/1/2017,2017,3,Landlord,Owner,$71.00 ,Bank,Insurance,Expense,
94,Property 1,1,3/1/2017,2017,3,Landlord,Owner,$100.00 ,Cash,Expense,Expense,Closet Rod
95,Property 1,1,3/1/2017,2017,3,Landlord,Owner,$30.00 ,Visa,Expense,Expense,9V Batteries & Bedroom Door Knob
96,Property 1,1,3/17/2017,2017,3,Tenant 2,Tenant,"$1,200.00 ",E-Transfer,Monthly Rent Charged,Neither,
97,Property 1,1,3/17/2017,2017,3,Tenant 2,Tenant,"$1,000.00 ",E-Transfer,Monthly Rent Paid,Revenue,
98,Property 1,1,3/31/2017,2017,3,Tenant 3,Tenant,$600.00 ,E-Transfer,Monthly Rent Charged,Neither,
99,Property 1,1,3/31/2017,2017,3,Tenant 3,Tenant,$600.00 ,E-Transfer,Monthly Rent Paid,Revenue,
100,Property 1,1,4/1/2017,2017,3,Landlord,Owner,"$1,510.00 ",Bank,Mortgage,Expense,
101,Property 1,1,4/1/2017,2017,4,Landlord,Owner,$71.00 ,Bank,Insurance,Expense,
102,Property 1,1,4/7/2017,2017,4,Tenant 2,Tenant,"$1,200.00 ",,Monthly Rent Charged,Neither,
103,Property 1,1,4/7/2017,2017,4,Tenant 2,Tenant,"$1,700.00 ",,Monthly Rent Paid,Revenue,
104,Property 1,1,5/1/2017,2017,4,Landlord,Owner,"$1,510.00 ",Bank,Mortgage,Expense,
105,Property 1,1,5/1/2017,2017,5,Landlord,Owner,$71.00 ,Bank,Insurance,Expense,
106,Property 1,1,5/4/2017,2017,5,Tenant 3,Tenant,$600.00 ,E-Transfer,Monthly Rent Charged,Neither,
107,Property 1,1,5/4/2017,2017,5,Tenant 3,Tenant,$600.00 ,E-Transfer,Monthly Rent Paid,Revenue,
108,Property 1,1,5/5/2017,2017,5,Tenant 2,Tenant,$800.00 ,,Monthly Rent Charged,Neither,This was never paid
109,Property 1,1,5/23/2017,2017,5,Tenant 4,Tenant,$600.00 ,Cash,Monthly Rent Charged,Neither,
110,Property 1,1,5/23/2017,2017,5,Tenant 4,Tenant,$600.00 ,Cash,Monthly Rent Paid,Revenue,
111,Property 1,1,6/1/2017,2017,5,Tenant 3,Tenant,$700.00 ,E-Transfer,Monthly Rent Charged,Neither,Monthly Rent + Utilities Charged
112,Property 1,1,6/1/2017,2017,6,Tenant 3,Tenant,$500.00 ,E-Transfer,Monthly Rent Paid,Revenue,Monthly Rent + Utilities Paid
113,Property 1,1,6/1/2017,2017,6,Tenant 4,Tenant,$400.00 ,,Monthly Rent Charged,Neither,Half Month Rent + Utilities Charged 
114,Property 1,1,6/1/2017,2017,6,Landlord,Owner,"$1,510.00 ",Bank,Mortgage,Expense,
115,Property 1,1,6/1/2017,2017,6,Landlord,Owner,$71.00 ,Bank,Insurance,Expense,
116,Property 1,1,6/1/2017,2017,6,Landlord,Owner,$26.00 ,Visa,Expense,Expense,Cost for Rent Faster Ad
117,Property 1,1,6/1/2017,2017,6,Landlord,Owner,$27.00 ,Visa,Expense,Expense,Utilities
118,Property 1,1,6/1/2017,2017,6,Landlord,Owner,$200.00 ,Visa,Expense,Expense,Utilities
119,Property 1,1,6/1/2017,2017,6,Landlord,Owner,$78.00 ,Visa,Expense,Expense,BB 1
120,Property 1,1,6/1/2017,2017,6,Landlord,Owner,$393.00 ,Visa,Expense,Expense,BB 2
121,Property 1,1,6/1/2017,2017,6,Landlord,Owner,$288.00 ,Visa,Expense,Expense,BB 3
122,Property 1,1,6/1/2017,2017,6,Landlord,Owner,$93.00 ,Visa,Expense,Expense,Junk Removal
123,Property 1,1,6/5/2017,2017,6,Tenant 2,Tenant,$800.00 ,,Monthly Rent Charged,Neither,This was never paid
124,Property 1,1,6/29/2017,2017,6,Tenant 3,Tenant,$100.00 ,E-Transfer,Monthly Rent Charged,Neither,Utilities Charged
125,Property 1,1,6/29/2017,2017,6,Tenant 3,Tenant,$100.00 ,E-Transfer,Monthly Rent Paid,Revenue,Utilities Paid
126,Property 1,1,6/30/2017,2017,6,Landlord,Owner,"$2,297.00 ",Bank,Property Tax,Expense,
127,Property 1,1,7/1/2017,2017,6,Landlord,Owner,"$1,510.00 ",Bank,Mortgage,Expense,
128,Property 1,1,7/1/2017,2017,7,Landlord,Owner,$71.00 ,Bank,Insurance,Expense,
129,Property 1,1,7/1/2017,2017,7,Landlord,Owner,$195.00 ,Visa,Expense,Expense,Utilities
130,Property 1,1,8/1/2017,2017,7,Landlord,Owner,"$1,510.00 ",Bank,Mortgage,Expense,
131,Property 1,1,8/1/2017,2017,8,Landlord,Owner,$71.00 ,Bank,Insurance,Expense,
132,Property 1,1,8/1/2017,2017,8,Landlord,Owner,$148.00 ,Visa,Expense,Expense,Utilities
133,Property 1,1,8/15/2017,2017,8,Tenant 3,Tenant,$200.00 ,E-Transfer,Monthly Rent Paid,Revenue,Utilities Paid
134,Property 1,1,9/1/2017,2017,8,Tenant 2,Tenant,$500.00 ,,Monthly Rent Paid,Revenue,Late Rent Paid
135,Property 1,1,9/1/2017,2017,9,Landlord,Owner,$79.00 ,Bank,Insurance,Expense,
136,Property 1,1,9/1/2017,2017,9,Landlord,Owner,"$1,510.00 ",Bank,Mortgage,Expense,
137,Property 1,1,9/1/2017,2017,9,Tenant 5,Tenant,$600.00 ,E-Transfer,Deposit Charged,Neither,
138,Property 1,1,9/1/2017,2017,9,Tenant 5,Tenant,$600.00 ,,Deposit Paid,Revenue,
139,Property 1,1,9/1/2017,2017,9,Tenant 6,Tenant,$600.00 ,E-Transfer,Deposit Charged,Neither,
140,Property 1,1,9/1/2017,2017,9,Tenant 6,Tenant,$600.00 ,,Deposit Paid,Revenue,
141,Property 1,1,9/1/2017,2017,9,Tenant 7,Tenant,$600.00 ,E-Transfer,Deposit Charged,Neither,
142,Property 1,1,9/1/2017,2017,9,Tenant 7,Tenant,$600.00 ,,Deposit Paid,Revenue,
143,Property 1,1,9/1/2017,2017,9,Tenant 5,Tenant,$600.00 ,E-Transfer,Monthly Rent Charged,Neither,
144,Property 1,1,9/1/2017,2017,9,Tenant 5,Tenant,$600.00 ,,Monthly Rent Paid,Revenue,
145,Property 1,1,9/1/2017,2017,9,Tenant 6,Tenant,$600.00 ,E-Transfer,Monthly Rent Charged,Neither,
146,Property 1,1,9/1/2017,2017,9,Tenant 6,Tenant,$600.00 ,,Monthly Rent Paid,Revenue,
147,Property 1,1,9/1/2017,2017,9,Tenant 7,Tenant,$600.00 ,E-Transfer,Monthly Rent Charged,Neither,
148,Property 1,1,9/3/2017,2017,9,Tenant 2,Tenant,$500.00 ,,Monthly Rent Paid,Revenue,Late Rent Paid
149,Property 1,1,10/1/2017,2017,9,Landlord,Owner,$79.00 ,Bank,Insurance,Expense,
150,Property 1,1,10/1/2017,2017,10,Landlord,Owner,"$1,510.00 ",Bank,Mortgage,Expense,
151,Property 1,1,10/1/2017,2017,10,Tenant 5,Tenant,$600.00 ,E-Transfer,Monthly Rent Charged,Neither,
152,Property 1,1,10/1/2017,2017,10,Tenant 5,Tenant,$600.00 ,E-Transfer,Monthly Rent Paid,Revenue,
153,Property 1,1,10/1/2017,2017,10,Tenant 6,Tenant,$600.00 ,E-Transfer,Monthly Rent Charged,Neither,
154,Property 1,1,10/1/2017,2017,10,Tenant 6,Tenant,$600.00 ,E-Transfer,Monthly Rent Paid,Revenue,
155,Property 1,1,10/1/2017,2017,10,Tenant 8,Tenant,$600.00 ,E-Transfer,Monthly Rent Charged,Neither,
156,Property 1,1,10/1/2017,2017,10,Tenant 8,Tenant,$600.00 ,E-Transfer,Monthly Rent Paid,Revenue,
157,Property 1,1,10/13/2017,2017,10,Tenant 2,Tenant,$500.00 ,,Monthly Rent Paid,Revenue,Late Rent Paid
158,Property 1,1,11/1/2017,2017,10,Landlord,Owner,$79.00 ,Bank,Insurance,Expense,
159,Property 1,1,11/1/2017,2017,11,Landlord,Owner,"$1,510.00 ",Bank,Mortgage,Expense,
160,Property 1,1,11/1/2017,2017,11,Tenant 5,Tenant,$600.00 ,E-Transfer,Monthly Rent Charged,Neither,
161,Property 1,1,11/1/2017,2017,11,Tenant 5,Tenant,$600.00 ,E-Transfer,Monthly Rent Paid,Revenue,
162,Property 1,1,11/1/2017,2017,11,Tenant 6,Tenant,$600.00 ,E-Transfer,Monthly Rent Charged,Neither,
163,Property 1,1,11/1/2017,2017,11,Tenant 6,Tenant,$600.00 ,E-Transfer,Monthly Rent Paid,Revenue,
164,Property 1,1,11/1/2017,2017,11,Tenant 8,Tenant,$600.00 ,E-Transfer,Monthly Rent Charged,Neither,
165,Property 1,1,11/1/2017,2017,11,Tenant 8,Tenant,$600.00 ,E-Transfer,Monthly Rent Paid,Revenue,
166,Property 1,1,12/1/2017,2017,11,Landlord,Owner,$79.00 ,Bank,Insurance,Expense,
167,Property 1,1,12/1/2017,2017,12,Landlord,Owner,"$1,510.00 ",Bank,Mortgage,Expense,
168,Property 1,1,12/1/2017,2017,12,Tenant 5,Tenant,$600.00 ,E-Transfer,Monthly Rent Charged,Neither,
169,Property 1,1,12/1/2017,2017,12,Tenant 5,Tenant,$600.00 ,E-Transfer,Monthly Rent Paid,Revenue,
170,Property 1,1,12/1/2017,2017,12,Tenant 6,Tenant,$600.00 ,E-Transfer,Monthly Rent Charged,Neither,
171,Property 1,1,12/1/2017,2017,12,Tenant 6,Tenant,$600.00 ,E-Transfer,Monthly Rent Paid,Revenue,
172,Property 1,1,12/1/2017,2017,12,Tenant 8,Tenant,$600.00 ,E-Transfer,Monthly Rent Charged,Neither,
173,Property 1,1,12/1/2017,2017,12,Tenant 8,Tenant,$600.00 ,E-Transfer,Monthly Rent Paid,Revenue,
174,Property 1,1,1/1/2018,2017,12,Landlord,Owner,$79.00 ,Bank,Insurance,Expense,
175,Property 1,1,1/1/2018,2018,1,Landlord,Owner,"$1,510.00 ",Bank,Mortgage,Expense,
176,Property 1,1,1/1/2018,2018,1,Tenant 5,Tenant,$600.00 ,E-Transfer,Monthly Rent Charged,Neither,
177,Property 1,1,1/1/2018,2018,1,Tenant 5,Tenant,$600.00 ,E-Transfer,Monthly Rent Paid,Revenue,
178,Property 1,1,1/1/2018,2018,1,Tenant 6,Tenant,$600.00 ,E-Transfer,Monthly Rent Charged,Neither,
179,Property 1,1,1/1/2018,2018,1,Tenant 6,Tenant,$600.00 ,E-Transfer,Monthly Rent Paid,Revenue,
180,Property 1,1,1/1/2018,2018,1,Tenant 8,Tenant,$600.00 ,E-Transfer,Monthly Rent Charged,Neither,
181,Property 1,1,1/1/2018,2018,1,Tenant 8,Tenant,$600.00 ,E-Transfer,Monthly Rent Paid,Revenue,
182,Property 1,1,1/12/2018,2018,1,Tenant 5,Tenant,$170.00 ,E-Transfer,Monthly Rent Paid,Revenue,City Fine - Snow Removal
183,Property 1,1,1/12/2018,2018,1,Landlord,Owner,$170.00 ,E-Transfer,Expense,Expense,City Fine - Snow Removal
184,Property 1,1,2/1/2018,2018,1,Landlord,Owner,$79.00 ,Bank,Insurance,Expense,
185,Property 1,1,2/1/2018,2018,2,Landlord,Owner,"$1,510.00 ",Bank,Mortgage,Expense,
186,Property 1,1,2/1/2018,2018,2,Landlord,Owner,$31.00 ,Visa,Expense,Expense,Cost for Rent Faster Ad
187,Property 1,1,2/1/2018,2018,2,Tenant 5,Tenant,$600.00 ,E-Transfer,Monthly Rent Charged,Neither,
188,Property 1,1,2/1/2018,2018,2,Tenant 5,Tenant,$600.00 ,E-Transfer,Monthly Rent Paid,Revenue,
189,Property 1,1,2/1/2018,2018,2,Tenant 6,Tenant,$600.00 ,E-Transfer,Monthly Rent Charged,Neither,
190,Property 1,1,2/1/2018,2018,2,Tenant 6,Tenant,$600.00 ,E-Transfer,Monthly Rent Paid,Revenue,
191,Property 1,1,2/1/2018,2018,2,Tenant 8,Tenant,$600.00 ,E-Transfer,Monthly Rent Charged,Neither,
192,Property 1,1,2/1/2018,2018,2,Tenant 8,Tenant,$600.00 ,E-Transfer,Monthly Rent Paid,Revenue,
193,Property 1,1,2/1/2018,2018,2,Tenant 6,Owner,$200.00 ,E-Transfer,Deposit Returned,Expense,only returned $200 to Tenant 6
194,Property 1,1,2/18/2018,2018,2,Landlord,Owner,$134.00 ,Visa,Expense,Expense,Cloverdale Paint
195,Property 1,1,2/19/2018,2018,2,Tenant 9,Tenant,"$1,500.00 ",E-Transfer,Deposit Charged,Neither,Part of the deposit
196,Property 1,1,2/19/2018,2018,2,Tenant 9,Tenant,$900.00 ,E-Transfer,Deposit Paid,Revenue,
197,Property 1,1,2/24/2018,2018,2,Landlord,Owner,$16.00 ,Visa,Expense,Expense,Sherwin Williams paint
198,Property 1,1,2/25/2018,2018,2,Landlord,Owner,$13.00 ,Visa,Expense,Expense,Walmart (Light bulbs)
199,Property 1,1,2/26/2018,2018,2,Landlord,Owner,$8.00 ,Visa,Expense,Expense,Sherwin Williams paint
200,Property 1,1,2/27/2018,2018,2,Landlord,Owner,$20.00 ,Visa,Expense,Expense,The Home Depot
201,Property 1,1,2/28/2018,2018,2,Landlord,Owner,$31.00 ,Visa,Expense,Expense,Cloverdale Paint
202,Property 1,1,3/1/2018,2018,2,Landlord,Owner,$79.00 ,Bank,Insurance,Expense,
203,Property 1,1,3/1/2018,2018,3,Landlord,Owner,"$1,510.00 ",Bank,Mortgage,Expense,
204,Property 1,1,3/1/2018,2018,3,Tenant 9,Tenant,"$1,500.00 ",E-Transfer,Monthly Rent Charged,Neither,
205,Property 1,1,3/1/2018,2018,3,Tenant 9,Tenant,$750.00 ,E-Transfer,Monthly Rent Paid,Revenue,half first month rent
206,Property 1,1,3/2/2018,2018,3,Landlord,Owner,$113.00 ,Visa,Expense,Expense,Cloverdale Paint
207,Property 1,1,3/11/2018,2018,3,Landlord,Owner,$168.00 ,Visa,Expense,Expense,Mice Removal
208,Property 1,1,3/11/2018,2018,3,Landlord,Owner,$26.00 ,Visa,Expense,Expense,Home Depot Bird Guards
209,Property 1,1,3/15/2018,2018,3,Tenant 9,Tenant,$750.00 ,E-Transfer,Monthly Rent Paid,Revenue,remaining first month rent
210,Property 1,1,3/19/2018,2018,3,Tenant 9,Tenant,$600.00 ,Cash,Deposit Paid,Revenue,Remainder of the deposit
211,Property 1,1,3/24/2018,2018,3,Landlord,Owner,$18.00 ,Visa,Expense,Expense,Ice Melt Salt from Rona
212,Property 1,1,3/26/2018,2018,3,Landlord,Owner,$682.00 ,Visa,Expense,Expense,Mice Removal
213,Property 1,1,3/31/2018,2018,3,Landlord,Owner,$300.00 ,Visa,Expense,Expense,Mice Removal
214,Property 1,1,3/31/2018,2018,3,Landlord,Owner,$100.00 ,E-Transfer,Expense,Expense,Junk Removal
215,Property 1,1,4/1/2018,2018,3,Landlord,Owner,$300.00 ,Cash,Expense,Expense,Stove
216,Property 1,1,4/1/2018,2018,4,Landlord,Owner,$79.00 ,Bank,Insurance,Expense,
217,Property 1,1,4/1/2018,2018,4,Landlord,Owner,"$1,510.00 ",Bank,Mortgage,Expense,
218,Property 1,1,4/15/2018,2018,4,Tenant 9,Tenant,"$1,500.00 ",E-Transfer,Monthly Rent Charged,Neither,
219,Property 1,1,4/15/2018,2018,4,Tenant 9,Tenant,"$1,500.00 ",E-Transfer,Monthly Rent Paid,Revenue,
220,Property 1,1,5/1/2018,2018,4,Landlord,Owner,$79.00 ,Bank,Insurance,Expense,
221,Property 1,1,5/1/2018,2018,5,Landlord,Owner,"$1,510.00 ",Bank,Mortgage,Expense,
222,Property 1,1,5/15/2018,2018,5,Tenant 9,Tenant,"$1,500.00 ",E-Transfer,Monthly Rent Charged,Neither,
223,Property 1,1,5/15/2018,2018,5,Tenant 9,Tenant,"$1,500.00 ",E-Transfer,Monthly Rent Paid,Revenue,
224,Property 1,1,6/1/2018,2018,5,Landlord,Owner,$79.00 ,Bank,Insurance,Expense,
225,Property 1,1,6/1/2018,2018,6,Landlord,Owner,"$1,510.00 ",Bank,Mortgage,Expense,
226,Property 1,1,6/6/2018,2018,6,Landlord,Owner,$14.00 ,Visa,Expense,Expense,Home Depot SS Sink Hoses
227,Property 1,1,6/8/2018,2018,6,Landlord,Owner,$120.00 ,Visa,Expense,Expense,Lowe's Downspout
228,Property 1,1,6/8/2018,2018,6,Landlord,Owner,$11.00 ,Visa,Expense,Expense,Lowe's Downspout
229,Property 1,1,6/15/2018,2018,6,Tenant 9,Tenant,"$1,500.00 ",E-Transfer,Monthly Rent Charged,Neither,
230,Property 1,1,6/15/2018,2018,6,Tenant 9,Tenant,"$1,500.00 ",E-Transfer,Monthly Rent Paid,Revenue,
231,Property 1,1,6/30/2018,2018,6,Landlord,Owner,"$2,387.00 ",Visa,Property Tax,Expense,
232,Property 1,1,7/1/2018,2018,6,Landlord,Owner,$79.00 ,Bank,Insurance,Expense,
233,Property 1,1,7/1/2018,2018,7,Landlord,Owner,"$1,510.00 ",Bank,Mortgage,Expense,
234,Property 1,1,7/7/2018,2018,7,Landlord,Owner,$105.00 ,E-Transfer,Expense,Expense,Home Depot Garage Electrical
235,Property 1,1,7/15/2018,2018,7,Tenant 9,Tenant,"$1,500.00 ",E-Transfer,Monthly Rent Charged,Neither,
236,Property 1,1,7/15/2018,2018,7,Tenant 9,Tenant,"$1,500.00 ",E-Transfer,Monthly Rent Paid,Revenue,
237,Property 1,1,8/1/2018,2018,7,Landlord,Owner,$79.00 ,Bank,Insurance,Expense,
238,Property 1,1,8/1/2018,2018,8,Landlord,Owner,"$1,510.00 ",Bank,Mortgage,Expense,
239,Property 1,1,8/15/2018,2018,8,Tenant 9,Tenant,"$1,500.00 ",E-Transfer,Monthly Rent Charged,Neither,
240,Property 1,1,8/15/2018,2018,8,Tenant 9,Tenant,"$1,500.00 ",E-Transfer,Monthly Rent Paid,Revenue,
241,Property 1,1,9/1/2018,2018,8,Landlord,Owner,$86.00 ,Bank,Insurance,Expense,
242,Property 1,1,9/1/2018,2018,9,Landlord,Owner,"$1,510.00 ",Bank,Mortgage,Expense,
243,Property 1,1,9/15/2018,2018,9,Tenant 10,Tenant,"$1,500.00 ",E-Transfer,Monthly Rent Charged,Neither,
244,Property 1,1,9/15/2018,2018,9,Tenant 10,Tenant,"$1,500.00 ",E-Transfer,Monthly Rent Paid,Revenue,
245,Property 1,1,9/15/2018,2018,9,Tenant 9,Owner,$750.00 ,E-Transfer,Deposit Returned,Expense,Returned half the deposit to Kasandra
246,Property 1,1,10/1/2018,2018,9,Landlord,Owner,$86.00 ,Bank,Insurance,Expense,
247,Property 1,1,10/1/2018,2018,10,Landlord,Owner,"$1,510.00 ",Bank,Mortgage,Expense,
248,Property 1,1,10/15/2018,2018,10,Tenant 10,Tenant,"$1,500.00 ",E-Transfer,Monthly Rent Charged,Neither,
249,Property 1,1,10/15/2018,2018,10,Tenant 10,Tenant,"$1,500.00 ",E-Transfer,Monthly Rent Paid,Revenue,
250,Property 1,1,11/1/2018,2018,10,Landlord,Owner,$86.00 ,Bank,Insurance,Expense,
251,Property 1,1,11/1/2018,2018,11,Landlord,Owner,"$1,510.00 ",Bank,Mortgage,Expense,
252,Property 1,1,11/15/2018,2018,11,Tenant 10,Tenant,"$1,500.00 ",E-Transfer,Monthly Rent Charged,Neither,
253,Property 1,1,11/15/2018,2018,11,Tenant 10,Tenant,"$1,500.00 ",E-Transfer,Monthly Rent Paid,Revenue,
254,Property 1,1,12/1/2018,2018,11,Landlord,Owner,$86.00 ,Bank,Insurance,Expense,
255,Property 1,1,12/1/2018,2018,12,Landlord,Owner,"$1,510.00 ",Bank,Mortgage,Expense,
256,Property 1,1,12/1/2018,2018,12,Landlord,Owner,$20.00 ,Visa,Expense,Expense,Furnace Filters
257,Property 1,1,12/15/2018,2018,12,Tenant 10,Tenant,"$1,500.00 ",E-Transfer,Monthly Rent Charged,Neither,
258,Property 1,1,12/15/2018,2018,12,Tenant 10,Tenant,"$1,500.00 ",E-Transfer,Monthly Rent Paid,Revenue,
259,Property 1,1,12/17/2018,2018,12,Landlord,Owner,$210.00 ,Visa,Expense,Expense,Roof Fix
260,Property 1,1,1/1/2019,2018,12,Landlord,Owner,$86.00 ,Bank,Insurance,Expense,
261,Property 1,1,1/1/2019,2019,1,Landlord,Owner,"$1,510.00 ",Bank,Mortgage,Expense,
262,Property 1,1,1/15/2019,2019,1,Tenant 10,Tenant,"$1,500.00 ",E-Transfer,Monthly Rent Charged,Neither,
263,Property 1,1,1/15/2019,2019,1,Tenant 10,Tenant,"$1,500.00 ",E-Transfer,Monthly Rent Paid,Revenue,
264,Property 1,1,2/1/2019,2019,1,Landlord,Owner,$86.00 ,Bank,Insurance,Expense,
265,Property 1,1,2/1/2019,2019,2,Landlord,Owner,"$1,510.00 ",Bank,Mortgage,Expense,
266,Property 1,1,2/15/2019,2019,2,Tenant 10,Tenant,"$1,500.00 ",E-Transfer,Monthly Rent Charged,Neither,
267,Property 1,1,2/15/2019,2019,2,Tenant 10,Tenant,"$1,500.00 ",E-Transfer,Monthly Rent Paid,Revenue,
268,Property 1,1,3/1/2019,2019,2,Landlord,Owner,$86.00 ,Bank,Insurance,Expense,
269,Property 1,1,3/1/2019,2019,3,Landlord,Owner,"$1,510.00 ",Bank,Mortgage,Expense,
270,Property 1,1,3/15/2019,2019,3,Tenant 10,Tenant,"$1,500.00 ",E-Transfer,Monthly Rent Charged,Neither,
271,Property 1,1,3/15/2019,2019,3,Tenant 10,Tenant,"$1,500.00 ",E-Transfer,Monthly Rent Paid,Revenue,
272,Property 1,1,4/1/2019,2019,3,Landlord,Owner,$86.00 ,Bank,Insurance,Expense,
273,Property 1,1,4/1/2019,2019,4,Landlord,Owner,"$1,510.00 ",Bank,Mortgage,Expense,
274,Property 1,1,4/15/2019,2019,4,Tenant 10,Tenant,"$1,500.00 ",E-Transfer,Monthly Rent Charged,Neither,
275,Property 1,1,4/15/2019,2019,4,Tenant 10,Tenant,"$1,500.00 ",E-Transfer,Monthly Rent Paid,Revenue,
276,Property 1,1,5/1/2019,2019,4,Landlord,Owner,$86.00 ,Bank,Insurance,Expense,
277,Property 1,1,5/1/2019,2019,5,Landlord,Owner,"$1,510.00 ",Bank,Mortgage,Expense,
278,Property 1,1,5/15/2019,2019,5,Tenant 10,Tenant,"$1,500.00 ",E-Transfer,Monthly Rent Charged,Neither,
279,Property 1,1,5/15/2019,2019,5,Tenant 10,Tenant,"$1,500.00 ",E-Transfer,Monthly Rent Paid,Revenue,
280,Property 1,1,6/1/2019,2019,5,Landlord,Owner,$86.00 ,Bank,Insurance,Expense,
281,Property 1,1,6/1/2019,2019,6,Landlord,Owner,"$1,510.00 ",Bank,Mortgage,Expense,
282,Property 1,1,6/15/2019,2019,6,Tenant 10,Tenant,"$1,500.00 ",E-Transfer,Monthly Rent Charged,Neither,
283,Property 1,1,6/15/2019,2019,6,Tenant 10,Tenant,"$1,500.00 ",E-Transfer,Monthly Rent Paid,Revenue,
284,Property 1,1,6/30/2019,2019,6,Landlord,Owner,"$2,478.00 ",Bank,Property Tax,Expense,
285,Property 1,1,7/1/2019,2019,6,Landlord,Owner,$86.00 ,Bank,Insurance,Expense,
286,Property 1,1,7/1/2019,2019,7,Landlord,Owner,"$1,510.00 ",Bank,Mortgage,Expense,
287,Property 1,1,7/15/2019,2019,7,Tenant 10,Tenant,"$1,500.00 ",E-Transfer,Monthly Rent Charged,Neither,
288,Property 1,1,7/15/2019,2019,7,Tenant 10,Tenant,"$1,500.00 ",E-Transfer,Monthly Rent Paid,Revenue,
289,Property 1,1,8/1/2019,2019,7,Landlord,Owner,$86.00 ,Bank,Insurance,Expense,
290,Property 1,1,8/1/2019,2019,8,Landlord,Owner,"$1,510.00 ",Bank,Mortgage,Expense,
291,Property 1,1,8/15/2019,2019,8,Tenant 10,Tenant,"$1,500.00 ",E-Transfer,Monthly Rent Charged,Neither,
292,Property 1,1,8/15/2019,2019,8,Tenant 10,Tenant,"$1,500.00 ",E-Transfer,Monthly Rent Paid,Revenue,
293,Property 1,1,9/1/2019,2019,8,Landlord,Owner,$95.00 ,Bank,Insurance,Expense,
294,Property 1,1,9/1/2019,2019,9,Landlord,Owner,"$1,510.00 ",Bank,Mortgage,Expense,
295,Property 1,1,9/15/2019,2019,9,Tenant 10,Tenant,"$1,500.00 ",E-Transfer,Monthly Rent Charged,Neither,
296,Property 1,1,9/15/2019,2019,9,Tenant 10,Tenant,"$1,500.00 ",E-Transfer,Monthly Rent Paid,Revenue,
297,Property 1,1,10/1/2019,2019,9,Landlord,Owner,$83.00 ,Bank,Insurance,Expense,
298,Property 1,1,10/1/2019,2019,10,Landlord,Owner,"$1,510.00 ",Bank,Mortgage,Expense,
299,Property 1,1,10/15/2019,2019,10,Tenant 10,Tenant,"$1,500.00 ",E-Transfer,Monthly Rent Charged,Neither,
300,Property 1,1,10/15/2019,2019,10,Tenant 10,Tenant,"$1,500.00 ",E-Transfer,Monthly Rent Paid,Revenue,
301,Property 1,1,11/1/2019,2019,10,Landlord,Owner,$83.00 ,Bank,Insurance,Expense,
302,Property 1,1,11/1/2019,2019,11,Landlord,Owner,"$1,510.00 ",Bank,Mortgage,Expense,
303,Property 1,1,11/15/2019,2019,11,Tenant 10,Tenant,"$1,500.00 ",E-Transfer,Monthly Rent Charged,Neither,
304,Property 1,1,11/15/2019,2019,11,Tenant 10,Tenant,"$1,500.00 ",E-Transfer,Monthly Rent Paid,Revenue,
305,Property 1,1,12/1/2019,2019,11,Landlord,Owner,$83.00 ,Bank,Insurance,Expense,
306,Property 1,1,12/1/2019,2019,12,Landlord,Owner,"$1,510.00 ",Bank,Mortgage,Expense,
307,Property 1,1,12/15/2019,2019,12,Tenant 10,Tenant,"$1,500.00 ",E-Transfer,Monthly Rent Charged,Neither,
308,Property 1,1,12/15/2019,2019,12,Tenant 10,Tenant,"$1,500.00 ",E-Transfer,Monthly Rent Paid,Revenue,
309,Property 1,1,1/1/2020,2019,12,Landlord,Owner,$83.00 ,Bank,Insurance,Expense,
310,Other,0,1/3/2020,2020,1,Landlord,Owner,$37.00 ,Visa,Expense,Expense,"Home Depot Flapper, BFLD HRDW, Top Pivot, SLD Guide"
311,Property 1,1,1/15/2020,2020,1,Tenant 10,Tenant,"$1,500.00 ",E-Transfer,Monthly Rent Charged,Neither,
312,Property 1,1,1/15/2020,2020,1,Tenant 10,Tenant,"$1,500.00 ",E-Transfer,Monthly Rent Paid,Revenue,
313,Property 1,1,1/28/2020,2020,1,Landlord,Owner,"$1,510.00 ",Bank,Mortgage,Expense,
314,Property 1,1,2/1/2020,2020,1,Landlord,Owner,$83.00 ,Bank,Insurance,Expense,
315,Property 1,1,2/15/2020,2020,2,Tenant 10,Tenant,"$1,500.00 ",E-Transfer,Monthly Rent Charged,Neither,
316,Property 1,1,2/15/2020,2020,2,Tenant 10,Tenant,"$1,500.00 ",E-Transfer,Monthly Rent Paid,Revenue,
317,Property 1,1,2/28/2020,2020,2,Landlord,Owner,"$1,510.00 ",Bank,Mortgage,Expense,
318,Property 1,1,3/1/2020,2020,2,Landlord,Owner,$83.00 ,Bank,Insurance,Expense,
319,Property 1,1,3/15/2020,2020,3,Tenant 10,Tenant,"$1,500.00 ",E-Transfer,Monthly Rent Charged,Neither,
320,Property 1,1,3/15/2020,2020,3,Tenant 10,Tenant,"$1,500.00 ",E-Transfer,Monthly Rent Paid,Revenue,
321,Property 1,1,3/28/2020,2020,3,Landlord,Owner,"$1,510.00 ",Bank,Mortgage,Expense,
322,Property 1,1,4/1/2020,2020,3,Landlord,Owner,$83.00 ,Bank,Insurance,Expense,
323,Property 1,1,4/15/2020,2020,4,Tenant 10,Tenant,"$1,500.00 ",E-Transfer,Monthly Rent Charged,Neither,
324,Property 1,1,4/15/2020,2020,4,Tenant 10,Tenant,"$1,500.00 ",E-Transfer,Monthly Rent Paid,Revenue,
325,Property 1,1,4/15/2020,2020,4,Landlord,Owner,$23.00 ,Visa,Expense,Expense,Canadian Tire Furnce Filter
326,Property 1,1,4/28/2020,2020,4,Landlord,Owner,"$1,510.00 ",Bank,Mortgage,Expense,
327,Property 1,1,5/1/2020,2020,4,Landlord,Owner,$83.00 ,Bank,Insurance,Expense,
328,Property 1,1,5/15/2020,2020,5,Tenant 10,Tenant,"$1,500.00 ",E-Transfer,Monthly Rent Charged,Neither,
329,Property 1,1,5/15/2020,2020,5,Tenant 10,Tenant,"$1,500.00 ",E-Transfer,Monthly Rent Paid,Revenue,
330,Property 1,1,5/28/2020,2020,5,Landlord,Owner,"$1,510.00 ",Bank,Mortgage,Expense,
331,Property 1,1,6/1/2020,2020,5,Landlord,Owner,$83.00 ,Bank,Insurance,Expense,
332,Property 1,1,6/2/2020,2020,6,Landlord,Owner,$91.00 ,Visa,Expense,Expense,Lowe's Downspouts
333,Property 1,1,6/3/2020,2020,6,Landlord,Owner,$14.00 ,Visa,Expense,Expense,Canadian Tire Downspout Screws
334,Property 1,1,6/3/2020,2020,6,Landlord,Owner,$19.00 ,Visa,Expense,Expense,Home Depot Downspout Elbows
335,Property 1,1,6/9/2020,2020,6,Landlord,Owner,$23.00 ,Visa,Expense,Expense,Home Depot Screendoor Weatherstrip
336,Property 1,1,6/15/2020,2020,6,Tenant 10,Tenant,"$1,500.00 ",E-Transfer,Monthly Rent Charged,Neither,
337,Property 1,1,6/15/2020,2020,6,Tenant 10,Tenant,"$1,500.00 ",E-Transfer,Monthly Rent Paid,Revenue,
338,Property 1,1,6/20/2020,2020,6,Landlord,Owner,$170.00 ,Cash,Expense,Expense,Furnace Duct Cleaning
339,Property 1,1,6/28/2020,2020,6,Landlord,Owner,"$1,510.00 ",Bank,Mortgage,Expense,
340,Property 1,1,7/1/2020,2020,6,Landlord,Owner,$83.00 ,Bank,Insurance,Expense,
341,Other,0,7/13/2020,2020,7,Landlord,Owner,$11.00 ,Visa,Expense,Expense,Dollarama Paint Accessories
342,Other,0,7/14/2020,2020,7,Landlord,Owner,$5.00 ,Visa,Expense,Expense,Canadian Tire Silicon
343,Other,0,7/14/2020,2020,7,Landlord,Owner,$19.00 ,Visa,Expense,Expense,Lowe's Silicon & Weiser Key Set
344,Property 1,1,7/15/2020,2020,7,Tenant 10,Tenant,"$1,500.00 ",E-Transfer,Monthly Rent Charged,Neither,
345,Property 1,1,7/15/2020,2020,7,Tenant 10,Tenant,"$1,500.00 ",E-Transfer,Monthly Rent Paid,Revenue,
346,Other,0,7/19/2020,2020,7,Landlord,Owner,$10.00 ,Visa,Expense,Expense,Walmart Paint Spray
347,Property 2,2,7/25/2020,2020,7,Landlord,Owner,$551.00 ,Visa,Expense,Expense,Twenty20 & Co Inc. Home Inspection
348,Property 1,1,7/28/2020,2020,7,Landlord,Owner,"$1,510.00 ",Bank,Mortgage,Expense,
349,Property 1,1,7/30/2020,2020,7,Landlord,Owner,$115.00 ,Cash,Expense,Expense,Have Screen Will Travel Window Screens (2)
350,Property 1,1,8/1/2020,2020,7,Landlord,Owner,$83.00 ,Bank,Insurance,Expense,
351,Other,0,8/2/2020,2020,8,Landlord,Owner,$24.00 ,Visa,Expense,Expense,Canadian Tire Paint Accessories
352,Other,0,8/3/2020,2020,8,Landlord,Owner,$14.00 ,Visa,Expense,Expense,Canadian Tire Paint Accessories
353,Other,0,8/6/2020,2020,8,Landlord,Owner,$32.00 ,Visa,Expense,Expense,Canadian Tire WD40
354,Property 1,1,8/15/2020,2020,8,Tenant 10,Tenant,"$1,500.00 ",E-Transfer,Monthly Rent Charged,Neither,
355,Property 1,1,8/15/2020,2020,8,Tenant 10,Tenant,"$1,500.00 ",E-Transfer,Monthly Rent Paid,Revenue,
356,Property 2,2,8/15/2020,2020,8,Landlord,Owner,$36.00 ,Visa,Expense,Expense,RentFaster Ad
357,Other,0,8/22/2020,2020,8,Landlord,Owner,$23.00 ,Visa,Expense,Expense,Home Depot Silicon & Sink Flex - Bedwood
358,Other,0,8/22/2020,2020,8,Landlord,Owner,$6.00 ,Visa,Expense,Expense,Home Depot O-Ring and Washers - Bedwood
359,Other,0,8/22/2020,2020,8,Landlord,Owner,$114.00 ,Visa,Expense,Expense,"Home Depot 4"" Faucet - Bedwood"
360,Other,0,8/22/2020,2020,8,Landlord,Owner,$12.00 ,Visa,Expense,Expense,Canadian Tire Connector & Drain - Bedwood
361,Property 1,1,8/28/2020,2020,8,Landlord,Owner,"$1,510.00 ",Bank,Mortgage,Expense,
362,Property 2,2,8/31/2020,2020,8,Tenant 11,Tenant,"$2,200.00 ",E-Transfer,Deposit Charged,Neither,
363,Property 2,2,8/31/2020,2020,8,Tenant 11,Tenant,"$2,200.00 ",E-Transfer,Deposit Paid,Revenue,
364,Property 2,2,8/31/2020,2020,8,Tenant 11,Tenant,"$1,900.00 ",E-Transfer,Monthly Rent Charged,Neither,adjusted because they started rent on Sep 5th 
365,Property 2,2,8/31/2020,2020,8,Tenant 11,Tenant,"$1,900.00 ",E-Transfer,Monthly Rent Paid,Revenue,
366,Property 1,1,8/31/2020,2020,8,Landlord,Owner,$826.00 ,Visa,Insurance,Expense,Sep 1 2020 to Aug 31 2021 Insurance
367,Property 2,2,8/31/2020,2020,8,Landlord,Owner,"$1,000.00 ",Visa,Insurance,Expense,Sep 1 2020 to Aug 31 2021 Insurance
368,Property 1,1,9/1/2020,2020,8,Landlord,Owner,$61.00 ,Bank,Mortgage,Expense,TD to RBC switchover interest difference
369,Property 2,2,9/1/2020,2020,9,Landlord,Owner,"$1,191.00 ",Bank Draft,Property Tax,Expense,
370,Property 2,2,9/1/2020,2020,9,Landlord,Owner,$60.00 ,Bank Draft,Community Fee,Expense,2020 Somerset Community Fee (HOR Home Owners Resident's Fee)
371,Property 2,2,9/1/2020,2020,9,Landlord,Owner,"$1,522.00 ",Bank Draft,Lawyer Fee,Expense,Summit Legal Group Legal Fees
372,Property 2,2,9/1/2020,2020,9,Landlord,Owner,$250.00 ,Bank Draft,Lawyer Fee,Expense,Summit Legal Group Lawyer Fees - Contingency
373,Property 2,2,9/2/2020,2020,9,Landlord,Owner,$26.00 ,Visa,Expense,Expense,"Home Depot ABSArea Drain and 8"" Zip Ties"
374,Property 2,2,9/4/2020,2020,9,Landlord,Owner,$182.00 ,Visa,Expense,Expense,"Home Depot Glue, Light, Lubricant, Silicone, Downspout Flex, CO/Smoke Detector"
375,Property 1,1,9/10/2020,2020,9,Landlord,Owner,"$2,661.00 ",Bank,Property Tax,Expense,
376,Property 2,2,9/12/2020,2020,9,Landlord,Owner,$40.00 ,Cash,Expense,Expense,Have Screen Will Travel Window Screen
377,Property 1,1,9/13/2020,2020,9,Landlord,Owner,$66.00 ,Visa,Expense,Expense,Home Depot Bathroom Faucet Cartridges & Handles
378,Property 1,1,9/15/2020,2020,9,Tenant 10,Tenant,"$1,500.00 ",E-Transfer,Monthly Rent Charged,Neither,
379,Property 1,1,9/15/2020,2020,9,Tenant 10,Tenant,"$1,500.00 ",E-Transfer,Monthly Rent Paid,Revenue,
380,Property 1,1,10/1/2020,2020,9,Landlord,Owner,"$1,076.00 ",Bank,Mortgage,Expense,
381,Property 2,2,10/1/2020,2020,10,Tenant 11,Tenant,"$2,200.00 ",E-Transfer,Monthly Rent Charged,Neither,
382,Property 2,2,10/1/2020,2020,10,Tenant 11,Tenant,"$2,200.00 ",E-Transfer,Monthly Rent Paid,Revenue,
383,Property 1,1,10/2/2020,2020,10,Landlord,Owner,$33.00 ,Visa,Expense,Expense,Home Depot Caulking Scraper and Tin Snips
384,Property 1,1,10/3/2020,2020,10,Landlord,Owner,$6.00 ,Visa,Expense,Expense,Canadian Tire Furnace Filter
385,Property 2,2,10/5/2020,2020,10,Landlord,Owner,"$1,391.00 ",Bank,Mortgage,Expense,
386,Other,0,10/7/2020,2020,10,Landlord,Owner,$26.00 ,Visa,Expense,Expense,Home Depot Bathroom Faucet Cartridge & Tool Bag - Bedwood
387,Property 2,2,10/7/2020,2020,10,Landlord,Owner,$250.00 ,Bank,Lawyer Fee,Revenue,Summit Legal Group Lawyer Fees - Contingency Returned
388,Other,0,10/11/2020,2020,10,Landlord,Owner,$7.00 ,Visa,Expense,Expense,Walmar Rubber Mallet
389,Property 1,1,10/15/2020,2020,10,Tenant 10,Tenant,"$1,500.00 ",E-Transfer,Monthly Rent Charged,Neither,
390,Property 1,1,10/15/2020,2020,10,Tenant 10,Tenant,"$1,500.00 ",E-Transfer,Monthly Rent Paid,Revenue,
391,Other,0,10/18/2020,2020,10,Landlord,Owner,$22.00 ,Visa,Expense,Expense,Walmart Tool Box and Ultra Bond
392,Other,0,10/19/2020,2020,10,Landlord,Owner,$27.00 ,Visa,Expense,Expense,Home Depot Toilet Fill Valve and Flex Connect - Bedwood
393,Other,0,10/24/2020,2020,10,Landlord,Owner,$7.00 ,Visa,Expense,Expense,Walmart Concrete Permanent Markers
394,Property 2,2,11/1/2020,2020,10,Tenant 11,Tenant,"$2,200.00 ",E-Transfer,Monthly Rent Charged,Neither,
395,Property 2,2,11/1/2020,2020,11,Tenant 11,Tenant,"$2,200.00 ",E-Transfer,Monthly Rent Paid,Revenue,
396,Property 1,1,11/2/2020,2020,11,Landlord,Owner,"$1,076.00 ",Bank,Mortgage,Expense,
397,Property 2,2,11/4/2020,2020,11,Landlord,Owner,"$1,391.00 ",Bank,Mortgage,Expense,
398,Property 1,1,11/9/2020,2020,11,Landlord,Owner,$74.00 ,Visa,Expense,Expense,"Home Deopt 4"" Faucet & Flex Connectors"
399,Property 1,1,11/9/2020,2020,11,Landlord,Owner,$149.00 ,Visa,Expense,Expense,Home Depot Ovation Bathroom Sink & Plumber Putty
400,Property 1,1,11/9/2020,2020,11,Landlord,Owner,$16.00 ,Visa,Expense,Expense,Home Depot Plumber Glue and Connectors
401,Property 1,1,11/11/2020,2020,11,Landlord,Owner,$35.00 ,Visa,Expense,Expense,Home Depot Bathroom Sink Pop-up Drain & wratchet
402,Other,0,11/11/2020,2020,11,Landlord,Owner,$31.00 ,Visa,Expense,Expense,Rona Window Foam
403,Property 1,1,11/15/2020,2020,11,Tenant 10,Tenant,"$1,500.00 ",E-Transfer,Monthly Rent Charged,Neither,
404,Property 1,1,11/15/2020,2020,11,Tenant 10,Tenant,"$1,500.00 ",E-Transfer,Monthly Rent Paid,Revenue,
405,Property 2,2,12/1/2020,2020,11,Tenant 11,Tenant,"$2,200.00 ",E-Transfer,Monthly Rent Charged,Neither,
406,Property 2,2,12/1/2020,2020,12,Tenant 11,Tenant,"$2,200.00 ",E-Transfer,Monthly Rent Paid,Revenue,
407,Property 1,1,12/1/2020,2020,12,Landlord,Owner,"$1,076.00 ",Bank,Mortgage,Expense,
408,Other,0,12/3/2020,2020,12,Landlord,Owner,$9.00 ,Visa,Expense,Expense,Cartridge for faucet (Cold)
409,Property 2,2,12/4/2020,2020,12,Landlord,Owner,"$1,391.00 ",Bank,Mortgage,Expense,
410,Other,0,12/12/2020,2020,12,Landlord,Owner,$11.00 ,Visa,Expense,Expense,Cartridge for faucet (Hot)
411,Other,0,12/12/2020,2020,12,Landlord,Owner,$197.00 ,Visa,Expense,Expense,"Ryobi Tools (Driver, Saw)"
412,Property 1,1,12/15/2020,2020,12,Tenant 10,Tenant,"$1,500.00 ",E-Transfer,Monthly Rent Charged,Neither,
413,Property 1,1,12/15/2020,2020,12,Tenant 10,Tenant,"$1,500.00 ",E-Transfer,Monthly Rent Paid,Revenue,
414,Property 1,0,12/16/2020,2020,12,Landlord,Owner,$183.00 ,Visa,Expense,Expense,Zebra Plumbing Main Water Valve
415,Other,0,12/26/2020,2020,12,Landlord,Owner,$50.00 ,Visa,Expense,Expense,Drill Bits
416,Property 2,2,1/1/2021,2020,12,Tenant 11,Tenant,"$2,200.00 ",E-Transfer,Monthly Rent Charged,Neither,
417,Property 2,2,1/1/2021,2021,1,Tenant 11,Tenant,"$2,200.00 ",E-Transfer,Monthly Rent Paid,Revenue,
418,Property 2,2,1/4/2021,2021,1,Landlord,Owner,"$1,391.00 ",Bank,Mortgage,Expense,
419,Property 1,1,1/4/2021,2021,1,Landlord,Owner,"$1,076.00 ",Bank,Mortgage,Expense,
420,Property 1,1,1/15/2021,2021,1,Tenant 10,Tenant,"$1,500.00 ",E-Transfer,Monthly Rent Charged,Neither,
421,Property 1,1,1/15/2021,2021,1,Tenant 10,Tenant,"$1,500.00 ",E-Transfer,Monthly Rent Paid,Revenue,
422,Property 2,2,2/1/2021,2021,1,Tenant 11,Tenant,"$2,200.00 ",E-Transfer,Monthly Rent Charged,Neither,
423,Property 2,2,2/1/2021,2021,2,Tenant 11,Tenant,"$2,200.00 ",E-Transfer,Monthly Rent Paid,Revenue,
424,Property 1,1,2/1/2021,2021,2,Landlord,Owner,"$1,076.00 ",Bank,Mortgage,Expense,
425,Property 2,2,2/4/2021,2021,2,Landlord,Owner,"$1,391.00 ",Bank,Mortgage,Expense,
426,Property 1,1,2/15/2021,2021,2,Tenant 10,Tenant,"$1,500.00 ",E-Transfer,Monthly Rent Charged,Neither,
427,Property 1,1,2/15/2021,2021,2,Tenant 10,Tenant,"$1,500.00 ",E-Transfer,Monthly Rent Paid,Revenue,
428,Property 2,2,3/1/2021,2021,2,Tenant 11,Tenant,"$2,200.00 ",E-Transfer,Monthly Rent Charged,Neither,
429,Property 2,2,3/1/2021,2021,3,Tenant 11,Tenant,"$2,200.00 ",E-Transfer,Monthly Rent Paid,Revenue,
430,Property 1,1,3/1/2021,2021,3,Landlord,Owner,"$1,076.00 ",Bank,Mortgage,Expense,
431,Property 2,2,3/4/2021,2021,3,Landlord,Owner,"$1,391.00 ",Bank,Mortgage,Expense,
432,Property 1,1,3/10/2021,2021,3,Landlord,Owner,$191.00 ,Bank,Expense,Expense,Home Depot: Shower Faucet and Accessories
433,Property 1,1,3/13/2021,2021,3,Landlord,Owner,$31.00 ,Visa,Expense,Expense,Walmart: Shower Caddy
434,Property 1,1,3/14/2021,2021,3,Landlord,Owner,$36.00 ,Bank,Expense,Expense,Cloverdale Paint: Paint for shower cover
435,Property 1,1,3/14/2021,2021,3,Landlord,Owner,$47.00 ,Visa,Expense,Revenue,Home Depot: Return of drywall items that were not used for the repair
436,Property 1,1,3/15/2021,2021,3,Tenant 10,Tenant,"$1,500.00 ",E-Transfer,Monthly Rent Charged,Neither,
437,Property 1,1,3/15/2021,2021,3,Tenant 10,Tenant,"$1,500.00 ",E-Transfer,Monthly Rent Paid,Revenue,
438,Property 2,2,4/1/2021,2021,3,Tenant 11,Tenant,"$2,200.00 ",E-Transfer,Monthly Rent Charged,Neither,
439,Property 2,2,4/1/2021,2021,4,Tenant 11,Tenant,"$2,200.00 ",E-Transfer,Monthly Rent Paid,Revenue,
440,Property 1,1,4/1/2021,2021,4,Landlord,Owner,"$1,076.00 ",Bank,Mortgage,Expense,
441,Property 2,2,4/4/2021,2021,4,Landlord,Owner,"$1,391.00 ",Bank,Mortgage,Expense,
442,Property 1,1,4/15/2021,2021,4,Tenant 10,Tenant,"$1,500.00 ",E-Transfer,Monthly Rent Charged,Neither,
443,Property 1,1,4/15/2021,2021,4,Tenant 10,Tenant,"$1,500.00 ",E-Transfer,Monthly Rent Paid,Revenue,
444,Property 2,2,5/1/2021,2021,4,Tenant 11,Tenant,"$2,200.00 ",E-Transfer,Monthly Rent Charged,Neither,
445,Property 2,2,5/1/2021,2021,5,Tenant 11,Tenant,"$2,200.00 ",E-Transfer,Monthly Rent Paid,Revenue,
446,Property 1,1,5/1/2021,2021,5,Landlord,Owner,"$1,076.00 ",Bank,Mortgage,Expense,
447,Property 2,2,5/4/2021,2021,5,Landlord,Owner,"$1,391.00 ",Bank,Mortgage,Expense,
448,Property 1,1,5/15/2021,2021,5,Tenant 10,Tenant,"$1,500.00 ",E-Transfer,Monthly Rent Charged,Neither,
449,Property 1,1,5/15/2021,2021,5,Tenant 10,Tenant,"$1,500.00 ",E-Transfer,Monthly Rent Paid,Revenue,
450,Property 2,2,6/1/2021,2021,5,Tenant 11,Tenant,"$2,200.00 ",E-Transfer,Monthly Rent Charged,Neither,
451,Property 2,2,6/1/2021,2021,6,Tenant 11,Tenant,"$2,200.00 ",E-Transfer,Monthly Rent Paid,Revenue,
452,Property 1,1,6/1/2021,2021,6,Landlord,Owner,"$1,076.00 ",Bank,Mortgage,Expense,
453,Property 2,2,6/4/2021,2021,6,Landlord,Owner,"$1,391.00 ",Bank,Mortgage,Expense,
454,Property 1,1,6/15/2021,2021,6,Tenant 10,Tenant,"$1,500.00 ",E-Transfer,Monthly Rent Charged,Neither,
455,Property 1,1,6/15/2021,2021,6,Tenant 10,Tenant,"$1,500.00 ",E-Transfer,Monthly Rent Paid,Revenue,
456,Property 2,2,6/22/2021,2021,6,Landlord,Owner,"$3,615.00 ",Bank,Property Tax,Expense,
457,Property 1,1,6/22/2021,2021,6,Landlord,Owner,"$2,568.00 ",Bank,Property Tax,Expense,
458,Property 2,2,6/28/2021,2021,6,Landlord,Owner,$31.00 ,Visa,Expense,Expense,RentFaster Ad
459,Property 2,2,7/1/2021,2021,6,Tenant 11,Tenant,"$2,200.00 ",E-Transfer,Monthly Rent Charged,Neither,
460,Property 2,2,7/1/2021,2021,7,Tenant 11,Tenant,"$2,200.00 ",E-Transfer,Monthly Rent Paid,Revenue,
461,Property 1,1,7/1/2021,2021,7,Landlord,Owner,"$1,076.00 ",Bank,Mortgage,Expense,
462,Property 2,2,7/4/2021,2021,7,Landlord,Owner,"$1,391.00 ",Bank,Mortgage,Expense,
463,Property 2,2,7/9/2021,2021,7,Landlord,Owner,$68.00 ,Visa,Expense,Expense,Home Depot: Smoke and CO detector (x1)
464,Property 2,2,7/9/2021,2021,7,Landlord,Owner,$104.00 ,Visa,Expense,Expense,Costco: Smoke and CO detector (x2)
465,Property 2,2,7/10/2021,2021,7,Landlord,Owner,$21.00 ,Visa,Expense,Expense,Home Solutions: Shower door handle
466,Property 1,1,7/15/2021,2021,7,Tenant 10,Tenant,"$1,500.00 ",E-Transfer,Monthly Rent Charged,Neither,
467,Property 1,1,7/15/2021,2021,7,Tenant 10,Tenant,"$1,500.00 ",E-Transfer,Monthly Rent Paid,Revenue,
468,Property 3,3,7/25/2021,2021,7,Landlord,Owner,$367.00 ,Visa,Expense,Expense,Twenty20 & Co Inc. Home Inspection
469,Property 2,2,7/31/2021,2021,7,Landlord,Owner,$28.00 ,Visa,Expense,Expense,Home Depot: Keys
470,Property 2,2,7/31/2021,2021,7,Landlord,Owner,"$2,200.00 ",E-Transfer,Deposit Returned,Expense,Deposit returned to Michelle and Nilbert Santos
471,Property 2,2,8/1/2021,2021,7,Tenant 12,Tenant,"$2,500.00 ",Cash,Deposit Charged,Neither,"Tenant 12 paid $10,000 up front on Jul 2nd, 2021 for deposit + Aug, Sep, Oct rent"
472,Property 2,2,8/1/2021,2021,8,Tenant 12,Tenant,"$2,500.00 ",Cash,Deposit Paid,Revenue,
473,Property 2,2,8/1/2021,2021,8,Tenant 12,Tenant,"$2,500.00 ",Cash,Monthly Rent Charged,Neither,
474,Property 2,2,8/1/2021,2021,8,Tenant 12,Tenant,"$2,500.00 ",Cash,Monthly Rent Paid,Revenue,
475,Property 1,1,8/1/2021,2021,8,Landlord,Owner,"$1,076.00 ",Bank,Mortgage,Expense,
476,Property 2,2,8/2/2021,2021,8,Landlord,Owner,$157.00 ,Visa,Expense,Expense,Diaz Construction: Ozone Treatment
477,Property 2,2,8/4/2021,2021,8,Landlord,Owner,"$1,391.00 ",Bank,Mortgage,Expense,
478,Property 2,2,8/7/2021,2021,8,Landlord,Owner,$134.00 ,Visa,Expense,Expense,Home Depot: Lawn Mower
479,Property 3,3,8/11/2021,2021,8,Landlord,Owner,"$1,291.00 ",Bank Draft,Lawyer Fee,Expense,Fares Law Firm Lawyer Fees
480,Property 3,3,8/11/2021,2021,8,Landlord,Owner,$405.00 ,Bank Draft,Lawyer Fee,Expense,Fares Law Firm Lawyer Fees - Contingency
481,Property 3,3,8/11/2021,2021,8,Landlord,Owner,$729.00 ,Bank Draft,Property Tax,Expense,"Condo Property tax from Aug 13 to Dec 31, 2021"
482,Property 3,3,8/11/2021,2021,8,Landlord,Owner,$70.00 ,Bank Draft,Property Tax,Expense,"Condo Parking Spot  Property tax from Aug 13 to Aug 31, 2021"
483,Property 3,3,8/11/2021,2021,8,Landlord,Owner,$233.00 ,Bank Draft,Condo Fee,Expense,"Condo Fee from Aug 13 to Dec 31, 2021"
484,Property 1,1,8/15/2021,2021,8,Tenant 10,Tenant,"$1,500.00 ",E-Transfer,Monthly Rent Charged,Neither,
485,Property 1,1,8/15/2021,2021,8,Tenant 10,Tenant,"$1,500.00 ",E-Transfer,Monthly Rent Paid,Revenue,
486,Property 2,2,8/28/2021,2021,8,Landlord,Owner,"$1,297.00 ",Visa,Insurance,Expense,"Total insurance bill for both houses is $2,097"
487,Property 1,1,8/28/2021,2021,8,Landlord,Owner,$800.00 ,Visa,Insurance,Expense,"Total insurance bill for both houses is $2,097"
488,Property 2,2,9/1/2021,2021,8,Tenant 12,Tenant,"$2,500.00 ",Cash,Monthly Rent Charged,Neither,
489,Property 2,2,9/1/2021,2021,9,Tenant 12,Tenant,"$2,500.00 ",Cash,Monthly Rent Paid,Revenue,
490,Property 1,1,9/1/2021,2021,9,Landlord,Owner,"$1,076.00 ",Bank,Mortgage,Expense,
491,Property 3,3,9/1/2021,2021,9,Landlord,Owner,$327.00 ,Bank,Condo Fee,Expense,PEKA Profession MSP
492,Property 3,3,9/1/2021,2021,9,Landlord,Owner,$180.00 ,Bank,Mortgage,Expense,"Mortgage interest for Aug 13 to Dec 31, 2021"
493,Property 3,3,9/2/2021,2021,9,Landlord,Owner,$1.00 ,Bank,Expense,Expense,Home Equity Line of Credit interest
494,Property 2,2,9/4/2021,2021,9,Landlord,Owner,"$1,391.00 ",Bank,Mortgage,Expense,
495,Property 2,2,9/8/2021,2021,9,Landlord,Owner,$103.00 ,Visa,Expense,Expense,Elektra Energy Solutions Corp: Diagnostics of Fridge
496,Property 3,3,9/8/2021,2021,9,Landlord,Owner,$369.00 ,Visa,Insurance,Expense,Travelers Insurance
497,Property 1,1,9/15/2021,2021,9,Tenant 10,Tenant,"$1,500.00 ",E-Transfer,Monthly Rent Charged,Neither,
498,Property 1,1,9/15/2021,2021,9,Tenant 10,Tenant,"$1,500.00 ",E-Transfer,Monthly Rent Paid,Revenue,
499,Property 2,2,9/26/2021,2021,9,Landlord,Owner,$25.00 ,Cash,Expense,Expense,Rona: Vent hood for Microwave
500,Property 2,2,9/30/2021,2021,9,Landlord,Owner,$120.00 ,Cash,Expense,Expense,"Kamel: Over, Fridge, Fireplace, and Microwave Vent"
501,Property 2,2,10/1/2021,2021,9,Tenant 12,Tenant,"$2,500.00 ",Cash,Monthly Rent Charged,Neither,
502,Property 2,2,10/1/2021,2021,10,Tenant 12,Tenant,"$2,500.00 ",Cash,Monthly Rent Paid,Revenue,
503,Property 1,1,10/1/2021,2021,10,Landlord,Owner,"$1,076.00 ",Bank,Mortgage,Expense,
504,Property 3,3,10/1/2021,2021,10,Landlord,Owner,"$1,173.00 ",Bank,Mortgage,Expense,Included property tax by mistake from bank - this was corrected later
505,Property 3,3,10/1/2021,2021,10,Landlord,Owner,$402.00 ,Bank,Condo Fee,Expense,
506,Property 2,2,10/4/2021,2021,10,Landlord,Owner,"$1,391.00 ",Bank,Mortgage,Expense,
507,Property 3,3,10/4/2021,2021,10,Landlord,Owner,$17.00 ,Bank,Expense,Expense,Home Equity Line of Credit interest
508,Property 2,2,10/14/2021,2021,10,Landlord,Owner,$600.00 ,Bank,Expense,Expense,Fridge
509,Property 2,2,10/14/2021,2021,10,Landlord,Owner,$100.00 ,Bank,Expense,Expense,Fridge transport
510,Property 1,1,10/15/2021,2021,10,Tenant 10,Tenant,"$1,500.00 ",E-Transfer,Monthly Rent Charged,Neither,
511,Property 1,1,10/15/2021,2021,10,Tenant 10,Tenant,"$1,500.00 ",E-Transfer,Monthly Rent Paid,Revenue,
512,Property 2,2,11/1/2021,2021,10,Tenant 12,Tenant,"$2,500.00 ",Cash,Monthly Rent Charged,Neither,"Tenant 12 paid $5,000 on Sep 26th, 2021 for Nov, Dec rent"
513,Property 2,2,11/1/2021,2021,11,Tenant 12,Tenant,"$2,500.00 ",Cash,Monthly Rent Paid,Revenue,
514,Property 1,1,11/1/2021,2021,11,Landlord,Owner,"$1,076.00 ",Bank,Mortgage,Expense,
515,Property 3,3,11/1/2021,2021,11,Landlord,Owner,"$1,173.00 ",Bank,Mortgage,Expense,Included property tax by mistake from bank - this was corrected later
516,Property 3,3,11/1/2021,2021,11,Landlord,Owner,$402.00 ,Bank,Condo Fee,Expense,
517,Property 2,2,11/4/2021,2021,11,Landlord,Owner,"$1,391.00 ",Bank,Mortgage,Expense,
518,Property 3,3,11/8/2021,2021,11,Landlord,Owner,$359.00 ,Bank,Mortgage,Revenue,Mortgage adjusted and property tax mistake corrected. This was refunded to me
519,Property 1,1,11/15/2021,2021,11,Tenant 10,Tenant,"$1,500.00 ",E-Transfer,Monthly Rent Charged,Neither,
520,Property 1,1,11/15/2021,2021,11,Tenant 10,Tenant,"$1,500.00 ",E-Transfer,Monthly Rent Paid,Revenue,
521,Property 2,2,12/1/2021,2021,11,Tenant 12,Tenant,"$2,500.00 ",Cash,Monthly Rent Charged,Neither,
522,Property 2,2,12/1/2021,2021,12,Tenant 12,Tenant,"$2,500.00 ",Cash,Monthly Rent Paid,Revenue,
523,Property 1,1,12/1/2021,2021,12,Landlord,Owner,"$1,076.00 ",Bank,Mortgage,Expense,
524,Property 3,3,12/1/2021,2021,12,Landlord,Owner,$993.00 ,Bank,Mortgage,Expense,
525,Property 3,3,12/1/2021,2021,12,Landlord,Owner,$402.00 ,Bank,Condo Fee,Expense,
526,Property 2,2,12/4/2021,2021,12,Landlord,Owner,"$1,391.00 ",Bank,Mortgage,Expense,
527,Property 1,1,12/15/2021,2021,12,Tenant 10,Tenant,"$1,500.00 ",E-Transfer,Monthly Rent Charged,Neither,
528,Property 1,1,12/15/2021,2021,12,Tenant 10,Tenant,"$1,500.00 ",E-Transfer,Monthly Rent Paid,Revenue,
529,Property 2,2,12/21/2021,2021,12,Landlord,Owner,$150.00 ,Cash,Expense,Expense,KMR General Renovations: Furnace
530,Property 2,2,12/27/2021,2021,12,Landlord,Owner,$140.00 ,Cash,Expense,Expense,KMR General Renovations: Clogged Sink
531,Property 1,1,12/27/2021,2021,12,Landlord,Owner,$21.00 ,Visa,Expense,Expense,Home Depot: Furnace Filter (x3)
532,Property 1,1,1/1/2022,2021,12,Landlord,Owner,"$1,076.00 ",Bank,Mortgage,Expense,"Tenant 12 paid $5,000 on Dec 17th, 2021 for Jan, Feb rent"
533,Property 2,2,1/1/2022,2022,1,Tenant 12,Tenant,"$2,500.00 ",Cash,Monthly Rent Charged,Neither,
534,Property 2,2,1/1/2022,2022,1,Tenant 12,Tenant,"$2,500.00 ",Cash,Monthly Rent Paid,Revenue,
535,Property 2,2,1/4/2022,2022,1,Landlord,Owner,"$1,391.00 ",Bank,Mortgage,Expense,
536,Property 3,3,1/4/2022,2022,1,Landlord,Owner,$993.00 ,Bank,Mortgage,Expense,
537,Property 3,3,1/4/2022,2022,1,Landlord,Owner,$402.00 ,Bank,Condo Fee,Expense,
538,Property 1,1,1/12/2022,2022,1,Landlord,Owner,$35.00 ,Visa,Expense,Expense,Amazon: Dishwasher Utensil Holder
539,Property 1,1,1/15/2022,2022,1,Tenant 10,Tenant,"$1,500.00 ",E-Transfer,Monthly Rent Charged,Neither,
540,Property 1,1,1/15/2022,2022,1,Tenant 10,Tenant,"$1,500.00 ",E-Transfer,Monthly Rent Paid,Revenue,
541,Property 2,2,1/17/2022,2022,1,Landlord,Owner,$126.00 ,E-Transfer,Expense,Expense,KMR General Renovations: Furnace Motor Flush
542,Property 2,2,1/17/2022,2022,1,Landlord,Owner,$92.00 ,Visa,Expense,Expense,Home Depot: Furnace Filter (20x25x5) + Door Stops + Electrical Tester
543,Property 2,2,1/18/2022,2022,1,Landlord,Owner,$197.00 ,Visa,Expense,Expense,Ace Plumbing: Furnace Inspection + Zoning/Tstat/CB/Damper Troubleshooting
544,Property 1,1,1/20/2022,2022,1,Landlord,Owner,$20.00 ,Visa,Expense,Expense,Walmart: Mouse Traps
545,Property 2,2,1/26/2022,2022,1,Landlord,Owner,$74.00 ,Bank,Community Fee,Expense,2021 Somerset Community Fee To: www.somersetwaterpark.org
546,Property 1,1,2/1/2022,2022,1,Landlord,Owner,"$1,076.00 ",Bank,Mortgage,Expense,
547,Property 2,2,2/1/2022,2022,2,Tenant 12,Tenant,"$2,500.00 ",Cash,Monthly Rent Charged,Neither,
548,Property 2,2,2/1/2022,2022,2,Tenant 12,Tenant,"$2,500.00 ",Cash,Monthly Rent Paid,Revenue,
549,Property 1,1,2/1/2022,2022,2,Landlord,Owner,"$1,076.00 ",Bank,Mortgage,Expense,
550,Property 3,3,2/1/2022,2022,2,Landlord,Owner,$993.00 ,Bank,Mortgage,Expense,
551,Property 3,3,2/1/2022,2022,2,Landlord,Owner,$402.00 ,Bank,Condo Fee,Expense,
552,Property 2,2,2/4/2022,2022,2,Landlord,Owner,"$1,391.00 ",Bank,Mortgage,Expense,
553,Property 1,1,2/15/2022,2022,2,Tenant 10,Tenant,"$1,500.00 ",E-Transfer,Monthly Rent Charged,Neither,
554,Property 1,1,2/15/2022,2022,2,Tenant 10,Tenant,"$1,500.00 ",E-Transfer,Monthly Rent Paid,Revenue,
555,Property 2,2,3/1/2022,2022,2,Tenant 12,Tenant,"$2,500.00 ",Cash,Monthly Rent Charged,Neither,
556,Property 2,2,3/1/2022,2022,3,Tenant 12,Tenant,"$2,500.00 ",Cash,Monthly Rent Paid,Revenue,"Tenant 12 paid $2,500 on Jan 15th, 2022 for Mar rent"
557,Property 1,1,3/1/2022,2022,3,Landlord,Owner,"$1,076.00 ",Bank,Mortgage,Expense,
558,Property 3,3,3/1/2022,2022,3,Landlord,Owner,$993.00 ,Bank,Mortgage,Expense,
559,Property 3,3,3/1/2022,2022,3,Landlord,Owner,$402.00 ,Bank,Condo Fee,Expense,
560,Property 2,2,3/4/2022,2022,3,Landlord,Owner,"$1,391.00 ",Bank,Mortgage,Expense,
561,Property 3,3,3/7/2022,2022,3,Landlord,Owner,$405.00 ,Bank,Lawyer Fee,Revenue,Fares Law Firm Lawyer Fees - Contingency Fee Returned
562,Property 1,1,3/15/2022,2022,3,Tenant 10,Tenant,"$1,500.00 ",E-Transfer,Monthly Rent Charged,Neither,
563,Property 1,1,3/15/2022,2022,3,Tenant 10,Tenant,"$1,500.00 ",E-Transfer,Monthly Rent Paid,Revenue,
564,Property 2,2,4/1/2022,2022,3,Tenant 12,Tenant,"$2,500.00 ",Cash,Monthly Rent Charged,Neither,
565,Property 2,2,4/1/2022,2022,4,Tenant 12,Tenant,"$2,500.00 ",Cash,Monthly Rent Paid,Revenue,"Tenant 12 paid $2,500 on Mar 4th, 2022 for Apr rent"
566,Property 1,1,4/1/2022,2022,4,Landlord,Owner,"$1,076.00 ",Bank,Mortgage,Expense,
567,Property 3,3,4/1/2022,2022,4,Landlord,Owner,$993.00 ,Bank,Mortgage,Expense,
568,Property 3,3,4/1/2022,2022,4,Landlord,Owner,$402.00 ,Bank,Condo Fee,Expense,
569,Property 2,2,4/4/2022,2022,4,Landlord,Owner,"$1,391.00 ",Bank,Mortgage,Expense,
570,Property 1,1,4/15/2022,2022,4,Tenant 10,Tenant,"$1,500.00 ",E-Transfer,Monthly Rent Charged,Neither,
571,Property 1,1,4/15/2022,2022,4,Tenant 10,Tenant,"$1,500.00 ",E-Transfer,Monthly Rent Paid,Revenue,
572,Property 1,1,4/22/2022,2022,4,Landlord,Owner,$325.00 ,E-Transfer,Expense,Expense,Wolseley: 3 Toilets + Accessories
573,Property 2,2,5/1/2022,2022,4,Tenant 12,Tenant,"$2,500.00 ",Cash,Monthly Rent Charged,Neither,
574,Property 2,2,5/1/2022,2022,5,Tenant 12,Tenant,"$2,500.00 ",Cash,Monthly Rent Paid,Revenue,"Tenant 12 paid $2,500 on Apr 28th, 2022 for May rent"
575,Property 1,1,5/1/2022,2022,5,Landlord,Owner,"$1,076.00 ",Bank,Mortgage,Expense,
576,Property 3,3,5/2/2022,2022,5,Landlord,Owner,$993.00 ,Bank,Mortgage,Expense,
577,Property 3,3,5/2/2022,2022,5,Landlord,Owner,$495.00 ,Bank,Condo Fee,Expense,Condo fee raised and adjusted back to Mar 1
578,Property 2,2,5/4/2022,2022,5,Landlord,Owner,"$1,391.00 ",Bank,Mortgage,Expense,
579,Property 1,1,5/15/2022,2022,5,Tenant 10,Tenant,"$1,500.00 ",E-Transfer,Monthly Rent Charged,Neither,
580,Property 1,1,5/15/2022,2022,5,Tenant 10,Tenant,"$1,500.00 ",E-Transfer,Monthly Rent Paid,Revenue,
581,Property 2,2,6/1/2022,2022,5,Tenant 12,Tenant,"$2,500.00 ",Cash,Monthly Rent Charged,Neither,
582,Property 2,2,6/1/2022,2022,6,Tenant 12,Tenant,"$2,500.00 ",Cash,Monthly Rent Paid,Revenue,"Tenant 12 paid $2,500 on Apr 28th, 2022 for Jun rent"
583,Property 1,1,6/1/2022,2022,6,Landlord,Owner,"$1,076.00 ",Bank,Mortgage,Expense,
584,Property 3,3,6/1/2022,2022,6,Landlord,Owner,$993.00 ,Bank,Mortgage,Expense,
585,Property 3,3,6/1/2022,2022,6,Landlord,Owner,$433.00 ,Bank,Condo Fee,Expense,
586,Property 2,2,6/4/2022,2022,6,Landlord,Owner,"$1,391.00 ",Bank,Mortgage,Expense,
587,Property 1,1,6/15/2022,2022,6,Tenant 10,Tenant,"$1,500.00 ",E-Transfer,Monthly Rent Charged,Neither,
588,Property 1,1,6/15/2022,2022,6,Tenant 10,Tenant,"$1,500.00 ",E-Transfer,Monthly Rent Paid,Revenue,
589,Property 4,4,6/27/2022,2022,6,Landlord,Owner,$47.00 ,Visa,Expense,Expense,RentFaster Ad
590,Property 2,2,6/28/2022,2022,6,Landlord,Owner,"$3,846.00 ",Bank,Property Tax,Expense,2022 Property Tax Payment
591,Property 2,2,6/28/2022,2022,6,Landlord,Owner,$73.00 ,Bank,Community Fee,Expense,2022 Somerset Community Fee To: www.somersetwaterpark.org
592,Property 1,1,6/29/2022,2022,6,Landlord,Owner,"$2,716.00 ",Bank,Property Tax,Expense,2022 Property Tax Payment
593,Property 2,2,7/1/2022,2022,6,Tenant 12,Tenant,"$2,500.00 ",Cash,Monthly Rent Charged,Neither,
594,Property 2,2,7/1/2022,2022,7,Tenant 12,Tenant,"$2,500.00 ",Cash,Monthly Rent Paid,Revenue,"Tenant 12 paid $2,500 on Jun 17th, 2022 for Jul rent"
595,Property 1,1,7/1/2022,2022,7,Landlord,Owner,"$1,076.00 ",Bank,Mortgage,Expense,
596,Property 2,2,7/4/2022,2022,7,Landlord,Owner,"$1,391.00 ",Bank,Mortgage,Expense,
597,Property 3,3,7/4/2022,2022,7,Landlord,Owner,$993.00 ,Bank,Mortgage,Expense,
598,Property 3,3,7/4/2022,2022,7,Landlord,Owner,$433.00 ,Bank,Condo Fee,Expense,
599,Property 1,1,7/15/2022,2022,7,Tenant 10,Tenant,"$1,500.00 ",E-Transfer,Monthly Rent Charged,Neither,
600,Property 1,1,7/15/2022,2022,7,Tenant 10,Tenant,"$1,500.00 ",E-Transfer,Monthly Rent Paid,Revenue,
601,Property 4,4,7/21/2022,2022,7,Landlord,Owner,$18.00 ,Visa,Expense,Expense,Filters for microwave - Amazon
602,Property 4,4,7/22/2022,2022,7,Tenant 13,Tenant,"$2,100.00 ",E-Transfer,Deposit Charged,Neither,
603,Property 4,4,7/22/2022,2022,7,Tenant 13,Tenant,"$2,100.00 ",E-Transfer,Deposit Paid,Revenue,
604,Property 4,4,7/22/2022,2022,7,Landlord,Owner,$5.00 ,Visa,Expense,Expense,ATPH The Printing House (for lease print)
605,Property 4,4,7/27/2022,2022,7,Landlord,Owner,$55.00 ,Bank Draft,Condo Fee,Expense,Condo Fee from Jul 27 to Jul 31 2022
606,Property 4,4,7/27/2022,2022,7,Landlord,Owner,$65.00 ,Bank Draft,Property Tax,Expense,"Condo Property tax from Jul 27 to Jul 31, 2022"
607,Property 4,4,7/27/2022,2022,7,Landlord,Owner,$97.00 ,Bank Draft,Property Tax,Expense,"Condo Parking Spot Property tax from Jul 27 to Jul 31, 2022 - this is wrong"
608,Property 4,4,7/27/2022,2022,7,Landlord,Owner,$17.00 ,Bank Draft,Lawyer Fee,Expense,Lawyer - Bank EFT fee
609,Property 4,4,7/27/2022,2022,7,Landlord,Owner,"$1,601.00 ",Bank Draft,Lawyer Fee,Expense,Summit Legal Group Lawyer Fee. This should be $1470 after Sean's discount
610,Property 4,4,7/27/2022,2022,7,Landlord,Owner,$350.00 ,Bank Draft,Lawyer Fee,Expense,Summit Legal Group Lawyer Contingency Fee.
611,Property 4,4,7/28/2022,2022,7,Landlord,Owner,$100.00 ,Cash,Expense,Expense,For Plumber (Sadik) for Dishwasher swap
612,Property 4,4,7/29/2022,2022,7,Landlord,Owner,$740.00 ,Bank Draft,Property Tax,Expense,"Condo Property tax from Aug 1 to Dec 31, 2022"
613,Property 4,4,7/29/2022,2022,7,Landlord,Owner,$88.00 ,Bank Draft,Property Tax,Expense,"Condo Parking Spot Property tax from Aug 1 to Dec 31, 2022"
614,Property 4,4,7/29/2022,2022,7,Landlord,Owner,$141.00 ,Visa,Expense,Expense,Canadian Tire - Fire and Carbon Monoxide Alarms (x2)
615,Property 1,1,8/1/2022,2022,7,Landlord,Owner,"$1,076.00 ",Bank,Mortgage,Expense,
616,Property 2,2,8/1/2022,2022,8,Tenant 12,Tenant,"$2,500.00 ",Cash,Monthly Rent Charged,Neither,
617,Property 2,2,8/1/2022,2022,8,Tenant 12,Tenant,"$2,500.00 ",Cash,Monthly Rent Paid,Revenue,"Tenant 12 paid $2,500 on Jun 17th, 2022 for Aug rent"
618,Property 4,4,8/1/2022,2022,8,Tenant 13,Tenant,"$2,100.00 ",E-Transfer,Monthly Rent Charged,Neither,
619,Property 4,4,8/1/2022,2022,8,Tenant 13,Tenant,"$2,100.00 ",E-Transfer,Monthly Rent Paid,Revenue,
620,Property 4,4,8/2/2022,2022,8,Landlord,Owner,$90.00 ,Bank,Mortgage,Expense,"Mortgage interest for Jul 27 to Jul 31, 2022"
621,Property 3,3,8/2/2022,2022,8,Landlord,Owner,$993.00 ,Bank,Mortgage,Expense,
622,Property 3,3,8/2/2022,2022,8,Landlord,Owner,$508.00 ,Bank,Condo Fee,Expense,Condo fee for 2021-09-01 was not charged for the parking spot. Backdated to here
623,Property 4,4,8/3/2022,2022,8,Landlord,Owner,$16.00 ,Bank,Expense,Expense,Home Equity Line of Credit interest
624,Property 2,2,8/4/2022,2022,8,Landlord,Owner,"$1,391.00 ",Bank,Mortgage,Expense,
625,Property 4,4,8/7/2022,2022,8,Landlord,Owner,$349.00 ,Visa,Insurance,Expense,Insurance for Jul 28 2022 to Jul 28 2023
626,Property 4,4,8/8/2022,2022,8,Landlord,Owner,$500.00 ,Bank,Mortgage,Revenue,500$ from TD bank for the new mortgage
627,Property 1,1,8/15/2022,2022,8,Tenant 10,Tenant,"$1,500.00 ",E-Transfer,Monthly Rent Charged,Neither,
628,Property 1,1,8/15/2022,2022,8,Tenant 10,Tenant,"$1,500.00 ",E-Transfer,Monthly Rent Paid,Revenue,
629,Property 4,4,8/17/2022,2022,8,Landlord,Owner,$209.00 ,Visa,Expense,Expense,Costco: Sink faucet
630,Property 4,4,8/17/2022,2022,8,Landlord,Owner,$34.00 ,Visa,Expense,Expense,Home Depot: Tub spout
631,Property 4,4,8/18/2022,2022,8,Landlord,Owner,$150.00 ,E-Transfer,Expense,Expense,"For Plumber (Sadik) for fixing tub faucet, and sink faucet"
632,Property 4,4,8/18/2022,2022,8,Landlord,Owner,$42.00 ,Visa,Expense,Expense,Home Depot: Sink Drain Snake Rental
633,Property 3,3,8/26/2022,2022,8,Landlord,Owner,$417.00 ,Visa,Insurance,Expense,Travelers Insurance
634,Property 3,3,9/1/2022,2022,8,Landlord,Owner,$993.00 ,Bank,Mortgage,Expense,
635,Property 3,3,9/1/2022,2022,9,Landlord,Owner,$433.00 ,Bank,Condo Fee,Expense,
636,Property 4,4,9/1/2022,2022,9,Tenant 13,Tenant,"$2,100.00 ",E-Transfer,Monthly Rent Charged,Neither,
637,Property 4,4,9/1/2022,2022,9,Tenant 13,Tenant,"$2,100.00 ",E-Transfer,Monthly Rent Paid,Revenue,Paid on Aug 27th 2022
638,Property 4,4,9/1/2022,2022,9,Landlord,Owner,"$1,128.00 ",Bank,Mortgage,Expense,
639,Property 4,4,9/1/2022,2022,9,Landlord,Owner,$433.00 ,Bank,Condo Fee,Expense,
640,Property 1,1,9/1/2022,2022,9,Landlord,Owner,"$1,076.00 ",Bank,Mortgage,Expense,
641,Property 2,2,9/1/2022,2022,9,Tenant 12,Tenant,"$2,500.00 ",Cash,Monthly Rent Charged,Neither,
642,Property 2,2,9/1/2022,2022,9,Tenant 12,Tenant,"$2,500.00 ",Cash,Monthly Rent Paid,Revenue,"Tenant 12 paid $7,500 on Aug 28th, 2022 for Sep, Oct, and Nov rent"
642,Property 4,4,9/2/2022,2022,9,Landlord,Owner,$75.00 ,Bank,Expense,Expense,Home Equity Line of Credit interest
643,Property 2,2,9/4/2022,2022,9,Landlord,Owner,"$1,391.00 ",Bank,Mortgage,Expense,
643,Property 1,1,9/15/2022,2022,9,Tenant 10,Tenant,"$1,500.00 ",E-Transfer,Monthly Rent Charged,Neither,
643,Property 1,1,9/15/2022,2022,9,Tenant 10,Tenant,"$1,500.00 ",E-Transfer,Monthly Rent Paid,Revenue,
643,Property 4,4,9/23/2022,2022,9,Landlord,Owner,$463.00 ,Bank,Lawyer Fee,Revenue,Summit Legal Group Lawyer Fees - Contingency Returned
643,Property 1,1,9/26/2022,2022,9,Landlord,Owner,$800.00 ,Visa,Insurance,Expense,"Total insurance bill for both houses is $2,127"
643,Property 2,2,9/26/2022,2022,9,Landlord,Owner,"$1,327.00 ",Visa,Insurance,Expense,"Total insurance bill for both houses is $2,127"
644,Property 2,2,10/1/2022,2022,9,Tenant 12,Tenant,"$2,500.00 ",Cash,Monthly Rent Charged,Neither,
645,Property 2,2,10/1/2022,2022,10,Tenant 12,Tenant,"$2,500.00 ",Cash,Monthly Rent Paid,Revenue,"Tenant 12 paid $7,500 on Aug 28th, 2022 for Sep, Oct, and Nov rent"
646,Property 2,2,11/1/2022,2022,10,Tenant 12,Tenant,"$2,500.00 ",Cash,Monthly Rent Charged,Neither,
647,Property 2,2,11/1/2022,2022,11,Tenant 12,Tenant,"$2,500.00 ",Cash,Monthly Rent Paid,Revenue,"Tenant 12 paid $7,500 on Aug 28th, 2022 for Sep, Oct, and Nov rent"
